{
    "loss": 2.2150604724884033,
    "accuracy": 0.6896551847457886
}